キャラクター,タイトル,
南 樹（みなみ いつき） / イッキ,エア・ギア,3
美鞍 葛馬（みくら かずま） / カズ,エア・ギア,
オニギリ,エア・ギア,
御仏 一茶 / 仏茶（みほとけ いっさ / ブッチャ）,エア・ギア,
鰐島 亜紀人 / 咢 / 凛鱗人（わにじま あきと / アギト / リンド）,エア・ギア,
安達 絵美理（あだち えみり） / エミリ,エア・ギア,
中山 弥生（なかやま やよい）,エア・ギア,
野山野 林檎（のやまの りんご） / リンゴ,エア・ギア,
クロワッサン仮面（スク水仮面）,エア・ギア,
野山野 樒柑（のやまの みかん） / ミカン,エア・ギア,
野山野 白梅（のやまの しらうめ） / ウメ,エア・ギア,
蛾媚刺（ガビシ）《ガビシの媚は月に眉》,エア・ギア,
王蟲（オーム）,エア・ギア,
蜷（ニナ）,エア・ギア,
鬼睡蓮（オニバス）,エア・ギア,
シムカ,エア・ギア,
左 安良,エア・ギア,
ゲトリクス中尉（仮）,エア・ギア,
ウェルキン・ゲトリクス,エア・ギア,
カエサル,エア・ギア,
ガウェイン,エア・ギア,
パーシヴァル,エア・ギア,
マーリン,エア・ギア,
モリガン,エア・ギア,
アーサー,エア・ギア,
シャーロット,エア・ギア,
アレキサンダー・ロック,エア・ギア,
ドレイク,エア・ギア,
シェラサザード・サロメ,エア・ギア,
ガム,エア・ギア,
鵺（ぬえ）,エア・ギア,
ニケ / 武内 宙（たけうち そら）,エア・ギア,
ヨシツネ,エア・ギア,
ベンケイ,エア・ギア,
ハタケヤマ,エア・ギア,
宇童 アキラ（うどう アキラ）,エア・ギア,
坂東 ミツル（ばんどう ミツル）,エア・ギア,
五所瓦 風明（ごしょがわら ふうめい）,エア・ギア,
美作 涼（みまさか りょう）,エア・ギア,
左 安良（さの やすよし）,エア・ギア,
巻上イネ（まきがみ イネ）,エア・ギア,
皇杞 枢（すめらぎ くるる）,エア・ギア,
石和はこ（いさわ はこ）,エア・ギア,
二条このみ（にじょう このみ）,エア・ギア,
奏音（カノン）,エア・ギア,
奈々（なな）,エア・ギア,
ルーン,エア・ギア,
鈴木 あみ（すずき あみ）,エア・ギア,
皇杞増雄 / 社長レッド,エア・ギア,
メカ専務,エア・ギア,
工場長イエロー,エア・ギア,
受付事務ピンク,エア・ギア,
パート・アマゾォン,エア・ギア,
武内 空（たけうち そら）,エア・ギア,
野山野 梨花（のやまの りか）,エア・ギア,
キリク,エア・ギア,
スピット・ファイア,エア・ギア,
巻上 イネ,エア・ギア,
ファルコ,エア・ギア,
ドントレス,エア・ギア,
ブラック・バーン,エア・ギア,
脇ノ坂 孝一（わきのさか こういち）,エア・ギア,
セコンド,エア・ギア,
ウート＝ガルザロキ,エア・ギア,
フレイヤ,エア・ギア,
トール,エア・ギア,
ノートタグ,エア・ギア,
南林太 / 南のおじさん / 南博士,エア・ギア,
野山野博士,エア・ギア,
クゥ,エア・ギア,
コロ爺,エア・ギア,
ジャ婆,エア・ギア,
鰐島 海人（わにじま かいと）,エア・ギア,
ヤス,エア・ギア,
ジョン・エンキドゥ・オマハ,エア・ギア,
相川 妙子（あいかわ たえこ）,エア・ギア,
プラグマン,エア・ギア,
蓮花（レンファ）,エア・ギア,
咲 真琴（さくら まこと）,エア・ギア,
ストーン / コールド / スタナー,エア・ギア,
折原の妹,エア・ギア,
ヤンス,エア・ギア,
キツネ,エア・ギア,
マキ,エア・ギア,
折原 征也（おりはら まさや）,エア・ギア,
富田 毬（とみた まり）,エア・ギア,
信長（のぶなが）,エア・ギア,
しのっぷ,エア・ギア,
信玄（しんげん）,エア・ギア,
ちゃーこ,エア・ギア,
石渡 ゆかり（いしわたり ゆかり）,エア・ギア,
間垣 浩二（まがき こうじ）,エア・ギア,
犬山（いぬやま）,エア・ギア,
T・ゴンゾー / 徳俵 権造（とくだわら ごんぞう）,エア・ギア,
イリヤ＝ナツミ（入谷 夏美）,エア・ギア,
ポチョムキン,エア・ギア,
梶 正剛（かじ せいごう）,エア・ギア,
カロン,エア・ギア,
カッサンドラ,エア・ギア,
ヘパイストス,エア・ギア,
相川 摩季（あいかわ まき）,エアマスター,3
中ノ谷 美奈（なかのたに みな）,エアマスター,
乾 蓮華（いぬい れんげ）,エアマスター,
滝川 ユウ（たきがわ ユウ）,エアマスター,
川本 みちる（かわもと みちる）,エアマスター,
時田 伸之助（ときた しんのすけ）,エアマスター,
佐伯 四郎（さえき しろう）,エアマスター,
佐伯 みおり（さえき みおり）,エアマスター,
崎山 香織（さきやま かおり）,エアマスター,
ルチャマスター,エアマスター,
浦木（うらき）,エアマスター,
山木田（やまきだ）,エアマスター,
坂本 ジュリエッタ（さかもと ジュリエッタ）,エアマスター,
武 月雄（たけ つきお）,エアマスター,
三島 麗一（みしま れいいち）,エアマスター,
北枝 金次郎（きたえだ きんじろう）,エアマスター,
長戸（ながと）,エアマスター,
花井（はない）,エアマスター,
橘（たちばな）,エアマスター,
佐山（さやま）,エアマスター,
巌流（がんりゅう）,エアマスター,
カリコロ,エアマスター,
サンパギータ・カイ,エアマスター,
早瀬 実緒（はやせ みお）,エアマスター,
芹口 トミコ（せりぐち トミコ）,エアマスター,
的場 花美（まとば はなみ）,エアマスター,
深道（ふかみち）,エアマスター,
鬼頭（きとう）,エアマスター,
石井（いしい）,エアマスター,
マキハラ,エアマスター,
原（はら）,エアマスター,
馬場（ばば）,エアマスター,
高橋（たかはし）,エアマスター,
松井（まつい）,エアマスター,
江藤（えとう）,エアマスター,
岡島（おかじま）,エアマスター,
戸叶（とかのう）,エアマスター,
パオ,エアマスター,
入来（いりき）,エアマスター,
沢村（さわむら）,エアマスター,
河原（かわはら）,エアマスター,
ケアリー,エアマスター,
屋敷 俊（やしき しゅん）,エアマスター,
駒田 シゲオ（こまだ シゲオ）,エアマスター,
尾形 小路（おがた こうじ）,エアマスター,
深道 信彦（ふかみち のぶひこ）,エアマスター,
皆口 由紀（みなぐち ゆき）,エアマスター,
小西 良徳（こにし よしのり）,エアマスター,
ジョンス・リー,エアマスター,
渺茫（びょうぼう）,エアマスター,
彰子,エアマスター,
姫森 聖子（ひめもり さとこ）,エアマスター,
松林小路 梅乃（まつばやしこうじ うめの）,エアマスター,
内海 美加（うつみ みか）,エアマスター,
野々 楽子（のの らくこ）,エアマスター,
石毛 まさみ（いしげ まさみ）,エアマスター,
カシオ,エアマスター,
美奈の兄,エアマスター,
ジュ季（ジュき）,エアマスター,
マイケル・ブース,英国一家、日本を食べる,3
リスン・ブース,英国一家、日本を食べる,
アスガー・ブース,英国一家、日本を食べる,
エミル・ブース,英国一家、日本を食べる,
トシ / カツトシ コンドウ,英国一家、日本を食べる,
ナビ,英国一家、日本を食べる,
おばあちゃん,英国一家、日本を食べる,
ゴスロリ,英国一家、日本を食べる,
鬼塚,英国一家、日本を食べる,
ヒロシ,英国一家、日本を食べる,
親方,英国一家、日本を食べる,
多林山,英国一家、日本を食べる,
ジャン,英国一家、日本を食べる,
綱取（つなとり）,英国一家、日本を食べる,
アキラ,英国一家、日本を食べる,
塚田（つかだ）,英国一家、日本を食べる,
女将,英国一家、日本を食べる,
篠田（しのだ）,英国一家、日本を食べる,
風間（かざま）,英国一家、日本を食べる,
ラーメンキング,英国一家、日本を食べる,
撫子,英国一家、日本を食べる,
料理長,英国一家、日本を食べる,
権藤,英国一家、日本を食べる,
梅,英国一家、日本を食べる,
ジョニー・ダニエルズ,英国一家、日本を食べる,
牧場主,英国一家、日本を食べる,
幸田 菊之進（こうだ きくのしん）,英国一家、日本を食べる,
サト,英国一家、日本を食べる,
月城 遥人（つきしろ はると）,18if,3
神崎 カツミ（かんざき カツミ）,18if,
リリィ,18if,
桜部 優子（さくらべ ゆうこ） / 電影の魔女,18if,
林田 真奈（はやしだ まな） / 怨讐の魔女,18if,
杉崎 佳世（すぎさき かよ） / 初恋の魔女,18if,
小嶋 アイリ（こじま アイリ） / 暴食の魔女,18if,
三枝 美礼（さえぐさ みれい） / 凡庸の魔女,18if,
上川 菜月（かみかわ なつき）/ 孤影の魔女,18if,
ネネ / 陽だまりの魔女,18if,
ソノ / 閾の魔女,18if,
美咲（みさき） / 麗艶の魔女,18if,
住友花子（すみとも はなこ） /  夢の魔女,18if,
神崎 ユリナ / 白百合の魔女,18if,
佐伯、氷室、江藤,18if,
アイリのいとこ,18if,
喫茶店のマスター,18if,
アイリのおばあちゃん,18if,
賀茂晴義,18if,
ポル,18if,
ポト,18if,
号外ウサギ,18if,
くま先生,18if,
執事,18if,
クロ,18if,
マリ,18if,
シャークレディ,18if,
ナナ,18if,
マネージャー、社長、プロデューサー、犬吠崎、監督,18if,
節子,18if,
神長 アキト,18if,
エヘイエ,18if,
イブ,18if,
エゴエス,18if,
夢世界,18if,
魔女,18if,
眠り姫症候群,18if,
ダイバー体,18if,
棘十字会,18if,
仮の姿,エイトマン,3
ボディのオリジン,エイトマン,
性能,エイトマン,
関さち子,エイトマン,
一郎,エイトマン,
田中課長,エイトマン,
谷博士,エイトマン,
ナイト・デーモン博士,エイトマン,
黒い蝶,エイトマン,
かまきり,エイトマン,
ラインホルト・ゲーレン,エイトマン,
スピード違反のジョー（スピードいはんのジョー）,エイトマン,
コロシスキー,エイトマン,
手尾挙郎（てお あげろう）,エイトマン,
金四大（かね しだい）,エイトマン,
香山ミナ（かやま ミナ）,エイトマン,
ダッコサン自動車の社長,エイトマン,
マック,エイトマン,
水沢（みずさわ）博士,エイトマン,
鬼頭（きとう ）,エイトマン,
外人部隊,エイトマン,
ゲオルグ・ミューラー,エイトマン,
泉純子（いずみ じゅんこ）,エイトマン,
超人サイバー,エイトマン,
フィンガーロボット,エイトマン,
正（ただし）,エイトマン,
佐々木錠（ささき じょう）,エイトマン,
八木九造（やぎ きゅうぞう）,エイトマン,
ドクター・ユーレイ,エイトマン,
小島ナミ（こじま ナミ）,エイトマン,
魔女,エイトマン,
ケン,エイトマン,
大江（おおえ）博士,エイトマン,
ソーニャ博士,エイトマン,
アルフ博士,エイトマン,
魔王,エイトマン,
ビック,エイトマン,
アメリカ軍,エイトマン,
コズマ博士,エイトマン,
ノラ・コズマ,エイトマン,
ビッグ・ゴーガン,エイトマン,
テン大佐,エイトマン,
サイボーグマン,エイトマン,
ぼうがい同盟,エイトマン,
怪人ゲーレン,エイトマン,
サタンの兄弟,エイトマン,
怪力ロボット007,エイトマン,
岡ひろみ（おか ひろみ）,エースをねらえ!,3
宗方仁（むなかた じん）,エースをねらえ!,
竜崎麗香（りゅうざき れいか）,エースをねらえ!,
緑川蘭子（みどりかわ らんこ）,エースをねらえ!,
桂大悟（かつら だいご）,エースをねらえ!,
藤堂貴之（とうどう たかゆき）,エースをねらえ!,
尾崎勇（おざき ゆう）,エースをねらえ!,
牧（まき）,エースをねらえ!,
千葉鷹志（ちば たかし）,エースをねらえ!,
音羽（おとわ）,エースをねらえ!,
香月茂（こうづきしげる）,エースをねらえ!,
英玲（はなぶされい）,エースをねらえ!,
神谷裕介（かみや ゆうすけ）,エースをねらえ!,
尾崎愛（おざき あい）,エースをねらえ!,
宝力冴子（ほうりき さえこ）,エースをねらえ!,
ジャッキー・ビント,エースをねらえ!,
ゴエモン,エースをねらえ!,
コーチ,エースをねらえ!,
ユウキ・ソレイユ,エガオノダイカ,3
ステラ・シャイニング,エガオノダイカ,
ヨシュア・イングラム,エガオノダイカ,
レイラ・エトワール,エガオノダイカ,
ハロルド・ミラー,エガオノダイカ,
イザナ・ラングフォード,エガオノダイカ,
ユニ・ヴァンキッシュ,エガオノダイカ,
ルネ・ヴァンキッシュ,エガオノダイカ,
ジェイムズ,エガオノダイカ,
ジラール伯,エガオノダイカ,
ソレイユ国王,エガオノダイカ,
モーゼス,エガオノダイカ,
アラン、マウリ、ラナ,エガオノダイカ,
ゲイル・オーウェンズ,エガオノダイカ,
リリィ・エアハート,エガオノダイカ,
ヒューイ・マルサス,エガオノダイカ,
ピアース・ソーン,エガオノダイカ,
ブレイク・ボイヤー,エガオノダイカ,
ガイ・マーレイ,エガオノダイカ,
アイネ・フリート,エガオノダイカ,
帝国皇帝,エガオノダイカ,
ガルド,エガオノダイカ,
スクワイア,エガオノダイカ,
クリバノフ,エガオノダイカ,
佐倉 魔美（さくら まみ）,エスパー魔美,3
高畑 和夫（たかはた かずお）,エスパー魔美,
コンポコ,エスパー魔美,
佐倉 十朗（さくら じゅうろう）,エスパー魔美,
佐倉 菜穂子（さくら なおこ）,エスパー魔美,
竹長 悟（たけなが さとる）,エスパー魔美,
間宮 幸子（まみや さちこ）,エスパー魔美,
桃井 のり子（ももい のりこ）,エスパー魔美,
番野 兆治（ばんの ちょうじ）,エスパー魔美,
富山 高志（とみやま たかし）,エスパー魔美,
ゴインキョ,エスパー魔美,
有原 成宏（ありはら なりひろ）,エスパー魔美,
黒沢 庄平（くろさわ しょうへい）,エスパー魔美,
篠山よしひろ（しのやま　よしひろ）,エスパー魔美,
藤野 沙織（ふじの さおり）,エスパー魔美,
陰木さん（いんき）,エスパー魔美,
細矢さん（ほそや）,エスパー魔美,
黒田 赤太郎（くろだ あかたろう）,エスパー魔美,
黒雪 妙子（くろゆき たえこ）,エスパー魔美,
アンキャニィX-MEN,エックスメン,3
ジェネレーションX,エックスメン,
ウルヴァリン・アンド・ジ・X-メン,エックスメン,
プロフェッサーX (Professor X),エックスメン,
サイクロップス (Cyclops),エックスメン,
ビースト (Beast),エックスメン,
ジーン・グレイ (Jean Grey),エックスメン,
アイスマン (Iceman),エックスメン,
エンジェル／アークエンジェル (Archangel),エックスメン,
ウルヴァリン (Wolverine),エックスメン,
ストーム (Storm),エックスメン,
コロッサス (Colossus),エックスメン,
マジック (Magik),エックスメン,
ハボック,エックスメン,
ナイトクロウラー (Nightcrawler),エックスメン,
サイロック (Psylocke),エックスメン,
ローグ (Rogue),エックスメン,
ガンビット (Gambit),エックスメン,
ジュビリー (Jubilee),エックスメン,
ケーブル (Cable),エックスメン,
キャノンボール,エックスメン,
ポラリス (Polaris),エックスメン,
サンファイア (Sunfire),エックスメン,
リージョン,エックスメン,
マロウ (Marrow),エックスメン,
キャリバン,エックスメン,
ストロングガイ,エックスメン,
ビショップ (Bishop),エックスメン,
ジョセフ (Joseph),エックスメン,
エマ・フロスト（Emma Frost）,エックスメン,
アーマー (Armor),エックスメン,
サージ (Surge),エックスメン,
マシュー・マロイ,エックスメン,
テンパス,エックスメン,
マグニートー (Magneto),エックスメン,
セイバートゥース (Sabretooth),エックスメン,
ミスティーク (Mystique),エックスメン,
トード (Toad),エックスメン,
パイロ (Pyro),エックスメン,
ジャガーノート (Juggernaut),エックスメン,
ブラック・トム・キャシディ,エックスメン,
レディ・デスストライク (Lady Deathstrike),エックスメン,
シルバー・サムライ (Silver Samurai),エックスメン,
スパイラル (Spiral),エックスメン,
アポカリプス (Apocalypse),エックスメン,
ミスター・シニスター (Mister Sinister),エックスメン,
ゴブリン・クイーン,エックスメン,
マスターモールド,エックスメン,
バスチオン (Bastion),エックスメン,
オンスロート (Onslaught),エックスメン,
キャメロンホッジ,エックスメン,
ウィリアム・ストライカー,エックスメン,
マツオ・ツラヤバ (Matsu'o Tsurayaba),エックスメン,
ストライフ (Stryfe),エックスメン,
オメガレッド (Omega Red),エックスメン,
エクソダス,エックスメン,
カサンドラ・ノバ (Cassandra Nova),エックスメン,
ジェネシス (Genesis),エックスメン,
ロミュラス (Romulus),エックスメン,
グレイドン・クリード,エックスメン,
デッドプール(Deadpool),エックスメン,
クイックシルバー(Quicksilver),エックスメン,
スカーレット・ウィッチ (Scarlet Witch),エックスメン,
カリスト (Callisto),エックスメン,
ミハイル・ラスプーチン,エックスメン,
ダケン (Daken),エックスメン,
ホープ (Hope Summers),エックスメン,
キャプテンアメリカ&ジ・アベンジャーズ（データイースト）,エックスメン,
アベンジャーズ・イン・ギャラクティックストーム（データイースト）,エックスメン,
エックス・メン チルドレン オブ ジ アトム（カプコン）,エックスメン,
マーヴル・スーパーヒーローズ（カプコン）,エックスメン,
エックスメン VS. ストリートファイター（カプコン）,エックスメン,
マーヴル・スーパーヒーローズ VS. ストリートファイター（カプコン）,エックスメン,
マーベル アルティメット アライアンス,エックスメン,
ウルヴァリン,エックスメン,
アベンジャーズ,エックスメン,
デアデビル,エックスメン,
スパイダーマン,エックスメン,
ファンタスティック・フォー,エックスメン,
ゴーストライダー,エックスメン,
パニッシャー,エックスメン,
セフィナの民,エデンズボゥイ,3
ヨルン・コットゥ,エデンズボゥイ,
エリシス,エデンズボゥイ,
シーダ,エデンズボゥイ,
テーラ,エデンズボゥイ,
エネフェア,エデンズボゥイ,
ウルガー・ダイン / おやぢ,エデンズボゥイ,
フェニス,エデンズボゥイ,
セルロッタ,エデンズボゥイ,
ウィトー・ウェッジ,エデンズボゥイ,
ヘアラ,エデンズボゥイ,
アグマイカ,エデンズボゥイ,
ヒルダ,エデンズボゥイ,
先見の姫（さきみのひめ）,エデンズボゥイ,
サクラ,エデンズボゥイ,
六導士,エデンズボゥイ,
ミカエラ,エデンズボゥイ,
グロワ,エデンズボゥイ,
皇導士ルメザヴィア,エデンズボゥイ,
ニャコ・ミーケニカ,エデンズボゥイ,
オルトラン,エデンズボゥイ,
メラニス,エデンズボゥイ,
パレラ,エデンズボゥイ,
ゴルドー,エデンズボゥイ,
ヴィロッグ,エデンズボゥイ,
コニャコ・ペルーシャ,エデンズボゥイ,
ルカルダ・ウエンズ,エデンズボゥイ,
カミラ・ブゥードゥークィーン,エデンズボゥイ,
ラグナード,エデンズボゥイ,
スパイク・ランディット,エデンズボゥイ,
デニルモ,エデンズボゥイ,
皇帝ヴュメント,エデンズボゥイ,
三賢人,エデンズボゥイ,
骸（むくろ）,エデンズボゥイ,
ヴィンレッダ・ヴァニトー,エデンズボゥイ,
ウォルロック・セフィーニロ,エデンズボゥイ,
ウェドロック,エデンズボゥイ,
ゾアロ,エデンズボゥイ,
ヴェルナー,エデンズボゥイ,
ヤイカ,エデンズボゥイ,
ヨニハ,エデンズボゥイ,
サヨイ,エデンズボゥイ,
マーサ・イヴェラ,エデンズボゥイ,
リリス,エデンズボゥイ,
イヴァ・フェニシア,エデンズボゥイ,
バリュトア,エデンズボゥイ,
サリエラート,エデンズボゥイ,
リュシカ,エデンズボゥイ,
ミレニア,エデンズボゥイ,
ラレシロ,エデンズボゥイ,
ワルキュルア・カイドマ,エデンズボゥイ,
マグドゥゥア,エデンズボゥイ,
ベルヘア、サルトゥス、フリュード、ゲヘナ,エデンズボゥイ,
華山・マツダイラ（松平）,エデンズボゥイ,
ロン・ダオシー（龍道士）,エデンズボゥイ,
朔之進,エデンズボゥイ,
モンラッド,エデンズボゥイ,
ウィグルデン（兄）,エデンズボゥイ,
ウィグルデン（弟たち）,エデンズボゥイ,
ツィーニ、ヴィルガ,エデンズボゥイ,
ランドウ,エデンズボゥイ,
フォルティーヌ,エデンズボゥイ,
イフォーラ,エデンズボゥイ,
フェウマー,エデンズボゥイ,
ルグル,エデンズボゥイ,
アルーシャ、メルーシャ,エデンズボゥイ,
ガスチーニ,エデンズボゥイ,
ヘクター,エデンズボゥイ,
ワグナー,エデンズボゥイ,
アサト,エデンズボゥイ,
リング・オッチ,エデンズボゥイ,
天戸タケル（あまと タケル）,えとたま,3
チュウたん,えとたま,
シマたん,えとたま,
ウサたん,えとたま,
ドラたん,えとたま,
シャアたん,えとたま,
ウマたん,えとたま,
メイたん,えとたま,
キーたん,えとたま,
ピヨたん,えとたま,
イヌたん,えとたま,
ウリたん,えとたま,
ウリたん2号,えとたま,
ウリたん3号,えとたま,
ウリたん4号,えとたま,
ウリたん5号,えとたま,
ポンたん,えとたま,
音泉キング（おんせんキング）,えとたま,
店長（てんちょう）,えとたま,
神風邪ウイルス（かみかぜウイルス）,えとたま,
道祖神,えとたま,
アナ,えとたま,
えと娘（干支娘）,えとたま,
干支魂（えとたま）,えとたま,
干支神（えとしん）,えとたま,
十二神戒（じゅうにしんかい）,えとたま,
萌力（ソルラル）,えとたま,
萌力祭具（ソルラルギア）,えとたま,
砂戸 太郎（さど たろう）,えむえむっ!,3
石動 美緒（いするぎ みお）,えむえむっ!,
結野 嵐子（ゆうの あらしこ）,えむえむっ!,
鬼瓦 みちる（おにがわら みちる）,えむえむっ!,
葉山 辰吉（はやま たつきち）,えむえむっ!,
間宮 由美（まみや ゆみ）,えむえむっ!,
柊 ノア（ひいらぎ ノア）,えむえむっ!,
日村 雪之丞（ひむら ゆきのじょう）,えむえむっ!,
花片 未依（はなひら みい）,えむえむっ!,
綾瀬川 霧乃（あやせがわ きりの）,えむえむっ!,
片桐 志帆（かたぎり しほ）,えむえむっ!,
竹澤明姫（たけざわ あき）,えむえむっ!,
ジェニファー,えむえむっ!,
砂戸 静香（さど しずか）,えむえむっ!,
砂戸 智子（さど ともこ）,えむえむっ!,
砂戸 七葉（さど ななは）,えむえむっ!,
道明寺（どうみょうじ）,えむえむっ!,
吉岡（よしおか）,えむえむっ!,
逢沢 駆（あいざわ かける Aizawa Kakeru）,エリアの騎士,3
美島 奈々（みしま なな Mishima Nana）,エリアの騎士,
逢沢 傑（あいざわ すぐる Aizawa Suguru）,エリアの騎士,
荒木 竜一（あらき りゅういち Araki Ryuuichi）,エリアの騎士,
兵藤 誠（ひょうどう まこと）,エリアの騎士,
織田 涼真（おだ りょうま）,エリアの騎士,
沢村 優司（さわむら ゆうじ）,エリアの騎士,
火野 淳平（ひの じゅんぺい）,エリアの騎士,
的場 薫（まとば かおる）,エリアの騎士,
高瀬 道朗（たかせ みちろう）,エリアの騎士,
中塚 公太（なかつか こうた）,エリアの騎士,
八雲 高次（やくも こうじ）,エリアの騎士,
堀川 明人（ほりかわ あきと）,エリアの騎士,
海王寺 豪（かいおうじ ごう）,エリアの騎士,
紅林 礼生（くればやし れお）,エリアの騎士,
李 秋俊（り あきとし/イ チュジュン　Lee Chu-Joon[22]）,エリアの騎士,
岩城 鉄平（いわき てっぺい）,エリアの騎士,
近藤 正勝（こんどう まさかつ）,エリアの騎士,
山梨 一郎（やまなし いちろう）,エリアの騎士,
福島 桃子（ふくしま ももこ）,エリアの騎士,
校長,エリアの騎士,
佐伯 祐介（さえき ゆうすけ Saeki Yusuke）,エリアの騎士,
鷹匠 瑛（たかじょう あきら Takajo Akira）,エリアの騎士,
国松 広実（くにまつ ひろみ Kunimatsu Hiromi）,エリアの騎士,
世良 右京（せら うきょう Sera Ukyo）,エリアの騎士,
大越 豊（おおこし ゆたか）Ohkoshi,エリアの騎士,
島 勇気（しま ゆうき）yuuki jima,エリアの騎士,
生島 拓也（いくしま たくや）TAKUYA,エリアの騎士,
早瀬 敦士（はやせ あつし）,エリアの騎士,
市村 一志（いちむら かずし）Ichishi,エリアの騎士,
君塚 直樹（きみづか なおき）Naoki,エリアの騎士,
五条 真木人（ごじょう まきと）,エリアの騎士,
熊谷（くまがい）,エリアの騎士,
石川（いしかわ）,エリアの騎士,
遠藤 学（えんどう まなぶ）,エリアの騎士,
榊（さかき）,エリアの騎士,
猪狩 孝太郎（いかり こうたろう）,エリアの騎士,
飛鳥 享（あすか とおる Asuka Toru）,エリアの騎士,
鬼丸 春樹（おにまる はるき Onimaru Haruki）,エリアの騎士,
真屋 （まや しんのすけ）,エリアの騎士,
蝦夷 巧（えみし たくみ）Emishi Takumi,エリアの騎士,
桂木 隼人（かつらぎ はやと）Katsuragi,エリアの騎士,
生沢 純季（いくさわ じゅんき）Ikusawa,エリアの騎士,
白鳥 要（しらとり かなめ）Shiratori,エリアの騎士,
仙道 肇（せんどう はじめ）Sendoh,エリアの騎士,
大月 竜兵（おおつき りゅうへい）Otsuki,エリアの騎士,
稲葉 太郎（いなば たろう）Inaba,エリアの騎士,
向井 雄悟（むかい ゆうご）Mukai,エリアの騎士,
岩本 一成（いわもと かずなり）Iwamoto,エリアの騎士,
田岡 優（たおか すぐる）Taoka,エリアの騎士,
天童 一英（てんどう かずひで）Tendo Kazuhide,エリアの騎士,
天童 次英（てんどう つぐひで）Tendo Tsuguhide,エリアの騎士,
竜胆 勇気（りんどう ゆうき）gentian,エリアの騎士,
信楽 五郎（しがらき ごろう）,エリアの騎士,
松本 伊之助（まつもと いのすけ）,エリアの騎士,
瀬賀 一輝（せが いっき）,エリアの騎士,
藤川 辰巳（ふじかわ たつみ）,エリアの騎士,
阿久津 正美（あくつ まさみ）,エリアの騎士,
日比野 光一（ひびの こういち Hibino Koichi）,エリアの騎士,
本田HONDA マイケル（ほんだ マイケル）,エリアの騎士,
比留間 敦Hiruma （ひるま あつし）,エリアの騎士,
西尾 大作Nisio（にしお だいさく）,エリアの騎士,
九十九 豊（つくも ゆたか）,エリアの騎士,
山本 永吉（やまもと えいきち）,エリアの騎士,
麻生 一志（あそう かずし）,エリアの騎士,
木所（きどころ）,エリアの騎士,
金 大順,エリアの騎士,
不破 欣一（ふわ きんいち）,エリアの騎士,
長谷川 京介（はせがわ きょうすけ）,エリアの騎士,
瀬田 慎太郎（せた しんたろう）,エリアの騎士,
新堂 信明（しんどう のぶあき）,エリアの騎士,
熊田 和夫（くまだ かずお）,エリアの騎士,
石川敬（いしかわけい）,エリアの騎士,
赤城 徹（あかぎ とおる）,エリアの騎士,
菅間 翔（すがま しょう）,エリアの騎士,
本田 健人（ほんだ けんと）,エリアの騎士,
鬼塚 真木生（おにづか まきお）,エリアの騎士,
瓜生 丈二（うりゅう じょうじ）,エリアの騎士,
レオナルド・シルバ（Leonardo Silva）,エリアの騎士,
群咲 舞衣（むらさき まい Murasaki Mai）,エリアの騎士,
リカルド・ベルナルディ（Ricardo Bernardi）,エリアの騎士,
パトリック・ジェンパ（Patrick Djempa）,エリアの騎士,
風巻 涼（かざまき りょう Kazamaki Ryo）,エリアの騎士,
板東 翔太（ばんどう しょうた）,エリアの騎士,
大場 永吉（おおば えいきち）Oba,エリアの騎士,
唐木 洋介（からき ようすけ）Karaki,エリアの騎士,
加藤 連次（かとう れんじ）Kato,エリアの騎士,
幸村 拓（ゆきむら たく）Yukimura,エリアの騎士,
川崎 豊（かわさき ゆたか）Kawasaki,エリアの騎士,
喜多川 宗助（きたがわ そうすけ）Kitagawa,エリアの騎士,
ロドリゲス・ヨシダ（Rodrigues Yoshida）,エリアの騎士,
後藤 五郎（ごとう ごろう）,エリアの騎士,
石井 一樹（いしい かずき）,エリアの騎士,
元木 陽介（もとき ようすけ）,エリアの騎士,
江口 伸二（えぐち しんじ）,エリアの騎士,
海堂 道彦（かいどう みちひこ）,エリアの騎士,
若宮 明彦（わかみや あきひこ）,エリアの騎士,
当真 市郎（とうま いちろう）,エリアの騎士,
島 亮介,エリアの騎士,
瀬古 勇太（せこ ゆうた）,エリアの騎士,
才川 浩（さいかわ ひろし）,エリアの騎士,
連城 正太郎（れんじょう せいたろう）,エリアの騎士,
司馬 良介（しば りょうすけ）,エリアの騎士,
甲斐 巽（かい たつみ）,エリアの騎士,
吉田 健太郎（よしだ けんたろう）,エリアの騎士,
轟 一馬（とどろき かずま）,エリアの騎士,
大多 雄悟（おおた ゆうご）,エリアの騎士,
新庄 孝太郎（しんじょう こうたろう）,エリアの騎士,
藤田 京太郎（ふじた きょうたろう）,エリアの騎士,
石井 次彦（いしい つぐひこ）,エリアの騎士,
谷 雄一郎（たにゆう いちろう）,エリアの騎士,
山本 順次（やまも とじゅんじ）,エリアの騎士,
愛甲 剛（あいこう つよし）,エリアの騎士,
伊庭 健太郎（いば けんたろう）,エリアの騎士,
日向 向日葵（ひゅうが ひまわり）,エリアの騎士,
桜井 一青（さくらい いっせい）,エリアの騎士,
若菜 和志（わかな かずし）,エリアの騎士,
世良 右京,エリアの騎士,
鬼丸 春樹,エリアの騎士,
風巻 涼,エリアの騎士,
島 亮介（しま りょうすけ）,エリアの騎士,
遠野 幹也（とおの みきや）,エリアの騎士,
秋本 直紀（あきもと なおき）,エリアの騎士,
倉知 快人（くらち かいと）,エリアの騎士,
佐木 ハロルド（さき　はろるど）,エリアの騎士,
若森 龍樹（わかもり りゅうき）,エリアの騎士,
近藤 拓美（こんどう たくみ）,エリアの騎士,
石井 和也（いしい かずや）,エリアの騎士,
石渡 翔悟（いしわたり しょうご）,エリアの騎士,
安川 走斗（やすかわ そうと）,エリアの騎士,
轟 大輔（とどろき だいすけ）,エリアの騎士,
中条 渉（なかじょう わたる）,エリアの騎士,
赤間 弓彦（あかま ゆみひこ）,エリアの騎士,
幕張 健吾（まくはり けんご）,エリアの騎士,
城 達哉（じょう たつや）,エリアの騎士,
沖名 太陽（おきな たいよう）,エリアの騎士,
眞弓 慎一郎（まゆみ しんいちろう）,エリアの騎士,
木嶋 耕一郎（きじま こういちろう）,エリアの騎士,
一色 妙子（いっしき たえこ）,エリアの騎士,
群咲 舞衣,エリアの騎士,
中江 美奈（なかえ みな）,エリアの騎士,
中村 千佳（なかむら ちか）,エリアの騎士,
大月 さくら（おおつき さくら）,エリアの騎士,
花井 美咲（はない みさき）,エリアの騎士,
福田 由里（ふくだ ゆり'）,エリアの騎士,
五島（ごとう）,エリアの騎士,
竹田 伸司（たけだ しんじ）,エリアの騎士,
稲葉 直美（いなば なおみ）,エリアの騎士,
金 大順（キム デスン Kim Tae-Seung ）,エリアの騎士,
朴 鐘玄（パク チョンヒョン Pak Chong-Hyon ）,エリアの騎士,
洪 正秀（ホン ジュンス）,エリアの騎士,
林 東国（イム ドンク）,エリアの騎士,
黄 龍大（ファン ヨンデ）,エリアの騎士,
ミーナ・マイヤー（Mina Meier）,エリアの騎士,
カール・フォン・ゼッケンドルフ,エリアの騎士,
アンジー・ゼッケンドルフ,エリアの騎士,
マルコ・アントニオ,エリアの騎士,
ダンテ・ガルシア,エリアの騎士,
アンドレ・ラモス,エリアの騎士,
アレックス,エリアの騎士,
ロベルト・サントス,エリアの騎士,
ロペス・フェリペ,エリアの騎士,
エジソン,エリアの騎士,
マリオ・コスタ,エリアの騎士,
橋谷 孝太郎（はしたに こうたろう）,エリアの騎士,
城島 豊（じょうじま ゆたか）,エリアの騎士,
生島 耕助（いくしま こうすけ）,エリアの騎士,
逢沢 駆,エリアの騎士,
幕張 健吾,エリアの騎士,
織田 涼真,エリアの騎士,
中塚 公太,エリアの騎士,
四季 遥（しき はるか）,エリアの騎士,
楠 重嗣（くすのき しげつぐ）,エリアの騎士,
神涯寺 蹴斗（じんがいじ しゅうと）,エリアの騎士,
マリオ・ロペス,エリアの騎士,
大迫 裕巳（おおさこ ひろみ）,エリアの騎士,
キム・ヨンジュン,エリアの騎士,
木村 海人（きむら かいと）,エリアの騎士,
界 雅明（さかい まさあき）,エリアの騎士,
山田 豪（やまだ ごう）,エリアの騎士,
間宮 伸司（まみや しんじ）,エリアの騎士,
指宿 陽治（いぶすき ようじ）,エリアの騎士,
鷹匠 瑛,エリアの騎士,
飛鳥 享,エリアの騎士,
岩城 鉄平,エリアの騎士,
ラウル・槙野（らうる まきの）,エリアの騎士,
力王 陽平（りきおう ようへい）,エリアの騎士,
中村 武蔵（なかむら たけぞう）,エリアの騎士,
迫田 晋（さこた しん）,エリアの騎士,
播磨 健介（はりま けんすけ）,エリアの騎士,
遠野 幹也,エリアの騎士,
中村 勇作（なかむら ゆうさく）,エリアの騎士,
石田 準正（いしだ じゅんせい）,エリアの騎士,
瀬古 勇太,エリアの騎士,
板東 翔太,エリアの騎士,
中嶋 岳人（なかじま がくと）,エリアの騎士,
東郷 元成（とうごう もとなり）,エリアの騎士,
海堂 道彦,エリアの騎士,
藤宮 吾郎（ふじみや ごろう）,エリアの騎士,
金森 拓馬（かなもり たくま）,エリアの騎士,
眞弓 慎一郎,エリアの騎士,
飯島 豊（いいじま ゆたか）,エリアの騎士,
若森 龍樹,エリアの騎士,
荒木 竜一,エリアの騎士,
佐伯 祐介,エリアの騎士,
駆の父,エリアの騎士,
駆の母,エリアの騎士,
逢沢 美都（あいざわ みと）,エリアの騎士,
奈々の母,エリアの騎士,
荒木の母,エリアの騎士,
高瀬家 [42],エリアの騎士,
峰 綾花（みね あやか）,エリアの騎士,
城之内 健吾（じょうのうち けんご）,エリアの騎士,
ロベルト（Roberto）,エリアの騎士,
柴田 美和（しばた みわ）,エリアの騎士,
エリアの騎士（エリアのきし）,エリアの騎士,
傑の日記,エリアの騎士,
江ノ島高校サッカー部（えのしまこうこうサッカーぶ）,エリアの騎士,
江ノ島フットボールクラブ（FC）,エリアの騎士,
江ノ島サッカークラブ（SC）,エリアの騎士,
鎌倉学館サッカー部,エリアの騎士,
葉蔭学院サッカー部,エリアの騎士,
相模ヶ浦高校サッカー部,エリアの騎士,
湘南大付属高校サッカー部,エリアの騎士,
辻堂学園サッカー部,エリアの騎士,
東京蹴球学園高校,エリアの騎士,
静名学園高校,エリアの騎士,
四日市実業高校,エリアの騎士,
八千草高校,エリアの騎士,
鳳凰学園高校,エリアの騎士,
高校総体（こうこうそうたい、インターハイ）,エリアの騎士,
選手権（せんしゅけん）,エリアの騎士,
エリス (Ellis),エル・カザド,3
ナディ (Nadie),エル・カザド,
ジョディ “ブルーアイズ” ヘイワード,エル・カザド,
ダグラス・ローゼンバーグ,エル・カザド,
ハインツ・シュナイダー,エル・カザド,
リカルド,エル・カザド,
リリオ,エル・カザド,
Bレディ1号,エル・カザド,
メリッサ,エル・カザド,
サルマ,エル・カザド,
フェルナンド,エル・カザド,
オカマA・B,エル・カザド,
過激派代表,エル・カザド,
ハンス・リトゲン,エル・カザド,
ウェブスター,エル・カザド,
イリス・ゴンザレス,エル・カザド,
ココペリの精霊（宿の老主人）,エル・カザド,
老人,エル・カザド,
議長,エル・カザド,
アミーゴ・タコス,エル・カザド,
いえっさ,エル・カザド,
インカローズ,エル・カザド,
ウイニャイマルカ,エル・カザド,
ココペリ,エル・カザド,
プロジェクト・リヴァイアサン,エル・カザド,
ルーシー,エルフェンリート,3
にゅう,エルフェンリート,
ナナ,エルフェンリート,
マリコ,エルフェンリート,
アリシア、バーバラ、シンシア、ダイアナ,エルフェンリート,
出来損ないの1104体,エルフェンリート,
ルーシーの弟（異父弟）,エルフェンリート,
コウタ（耕太）,エルフェンリート,
ユカ,エルフェンリート,
マユ,エルフェンリート,
わん太,エルフェンリート,
ノゾミ（原作のみ）,エルフェンリート,
蔵間（くらま）,エルフェンリート,
白河（しらかわ）,エルフェンリート,
如月（きさらぎ）,エルフェンリート,
磯辺（いそべ）,エルフェンリート,
斎藤（さいとう）,エルフェンリート,
黒帽子の男,エルフェンリート,
能宗（のうそう）,エルフェンリート,
サングラスの女,エルフェンリート,
角沢長官（かくざわちょうかん）,エルフェンリート,
坂東（ばんどう）,エルフェンリート,
角沢教授（かくざわ）,エルフェンリート,
荒川（あらかわ）,エルフェンリート,
大森,エルフェンリート,
ベクタークラフト開発者,エルフェンリート,
角沢 アンナ（かくざわ アンナ）,エルフェンリート,
ノゾミの父,エルフェンリート,
マユの母,エルフェンリート,
カナエ,エルフェンリート,
トモオ,エルフェンリート,
少女,エルフェンリート,
蔵間 ヒロミ（くらま ヒロミ）,エルフェンリート,
高田 愛子（たかだ あいこ）,エルフェンリート,
ルーシー（楓）の母,エルフェンリート,
ディクロニウス,エルフェンリート,
ジルペリット,エルフェンリート,
ベクター,エルフェンリート,
ベクターウイルス,エルフェンリート,
ベクターウイルス用ワクチン,エルフェンリート,
楓荘（かえでそう）,エルフェンリート,
国立生態科学研究所（ベクターウイルス研究所）,エルフェンリート,
佐世保ベクター研究所,エルフェンリート,
ベクタークラフト,エルフェンリート,
角沢一族,エルフェンリート,
命の泉（レーベンスボルン）,エルフェンリート,
龍造寺 淳平（りゅうぞうじ じゅんぺい）,エルフを狩るモノたち,3
小宮山 愛理（こみやま あいり）,エルフを狩るモノたち,
井上 律子（いのうえ りつこ）,エルフを狩るモノたち,
セルシア・マリクレール,エルフを狩るモノたち,
新谷 麻衣（しんたに まい）,エルフを狩るモノたち,
ミケ,エルフを狩るモノたち,
ピチちゃん,エルフを狩るモノたち,
アネット,エルフを狩るモノたち,
エイナル,エルフを狩るモノたち,
ビイナル,エルフを狩るモノたち,
エミリィ,エルフを狩るモノたち,
ガーベラ,エルフを狩るモノたち,
エルウィン,エルフを狩るモノたち,
ミリア,エルフを狩るモノたち,
ミリアの祖父,エルフを狩るモノたち,
レベッカ,エルフを狩るモノたち,
ルファード,エルフを狩るモノたち,
ディアル,エルフを狩るモノたち,
ガリー,エルフを狩るモノたち,
オーコ・マキ,エルフを狩るモノたち,
ランドル・バーラント,エルフを狩るモノたち,
エナ（エマ）・バーラント,エルフを狩るモノたち,
マックス,エルフを狩るモノたち,
泉の女神さま（いずみのめがみさま）,エルフを狩るモノたち,
ドーン・バクストン,エルフを狩るモノたち,
バーツ,エルフを狩るモノたち,
キリカ,エルフを狩るモノたち,
ティーゼン,エルフを狩るモノたち,
テオ,エルフを狩るモノたち,
ガウ,エルフを狩るモノたち,
シエナ,エルフを狩るモノたち,
クリア・ファーレン,エルフを狩るモノたち,
ローザ,エルフを狩るモノたち,
プラナ,エルフを狩るモノたち,
脱がし屋（ぬがしや）,エルフを狩るモノたち,
会長,エルフを狩るモノたち,
ウサギ仮面,エルフを狩るモノたち,
羊飼いのメリー,エルフを狩るモノたち,
王様を裸にした男,エルフを狩るモノたち,
北風とおひさま,エルフを狩るモノたち,
ナンシー・ナーガ,エルフを狩るモノたち,
フィーナ,エルフを狩るモノたち,
ホーク・ダラス,エルフを狩るモノたち,
ブルーノ,エルフを狩るモノたち,
キラメス,エルフを狩るモノたち,
オオカミ,エルフを狩るモノたち,
狩人（かりゅうど）,エルフを狩るモノたち,
オルガ,エルフを狩るモノたち,
ジュディ,エルフを狩るモノたち,
フレア,エルフを狩るモノたち,
フレアの父,エルフを狩るモノたち,
ギーラ,エルフを狩るモノたち,
汚れ落としの女神様（よごれおとしのめがみさま）,エルフを狩るモノたち,
ゴリラ,エルフを狩るモノたち,
ミューラー・ノイマン,エルフを狩るモノたち,
道標の精霊（みちしるべのせいれい）,エルフを狩るモノたち,
ティアラ・ベイク,エルフを狩るモノたち,
リリー,エルフを狩るモノたち,
山田 一郎（やまだ いちろう）,エルフを狩るモノたち,
マリナ・ラッセル,エルフを狩るモノたち,
ネイロス,エルフを狩るモノたち,
バーネル,エルフを狩るモノたち,
ケイト,エルフを狩るモノたち,
アン・デルッセン,エルフを狩るモノたち,
デイジー,エルフを狩るモノたち,
ベルトーレ,エルフを狩るモノたち,
カギタマーヤ,エルフを狩るモノたち,
ウインディー,エルフを狩るモノたち,
ミライ,エルフを狩るモノたち,
ビルギッタ,エルフを狩るモノたち,
ゲイル,エルフを狩るモノたち,
エクシー・メサ,エルフを狩るモノたち,
パワードナイト,エルフを狩るモノたち,
ゾルバン,エルフを狩るモノたち,
エルフルズ,エルフを狩るモノたち,
ムーア,エルフを狩るモノたち,
アレックス / エレナ / ショーン,エルフを狩るモノたち,
オレノコ,エルフを狩るモノたち,
長尾（ながお）,エルフを狩るモノたち,
メルティ / ジーナ,エルフを狩るモノたち,
アンジェ,エルフを狩るモノたち,
マグナ,エルフを狩るモノたち,
キング,エルフを狩るモノたち,
ルルカ,エルフを狩るモノたち,
ロッタ,エルフを狩るモノたち,
ロッタの兄,エルフを狩るモノたち,
リイド,エルフを狩るモノたち,
ティルティル、ミティル,エルフを狩るモノたち,
鉄壁都市の市長,エルフを狩るモノたち,
リステル,エルフを狩るモノたち,
イアン,エルフを狩るモノたち,
イアンの妹,エルフを狩るモノたち,
ソルティー,エルフを狩るモノたち,
ドロテーア,エルフを狩るモノたち,
ベル,エルフを狩るモノたち,
キュクロプス,エルフを狩るモノたち,
知らない男(仮),エルフを狩るモノたち,
タリストン,エルフを狩るモノたち,
ナノカ,エルフを狩るモノたち,
長老,エルフを狩るモノたち,
マルプル,エルフを狩るモノたち,
リヴァイアサン,エルフを狩るモノたち,
ゴッド・シスター,エルフを狩るモノたち,
ジャミラ,エルフを狩るモノたち,
サム,エルフを狩るモノたち,
ネロ、ビアンキ,エルフを狩るモノたち,
リリア,エルフを狩るモノたち,
ボナ,エルフを狩るモノたち,
シャーリー・ウォルター,エルフを狩るモノたち,
メリンダ,エルフを狩るモノたち,
アッシュ,エルフを狩るモノたち,
ジャッジ,エルフを狩るモノたち,
裁判長,エルフを狩るモノたち,
ギルド,エルフを狩るモノたち,
アンディ,エルフを狩るモノたち,
ブランコ,エルフを狩るモノたち,
レイピア,エルフを狩るモノたち,
エミー,エルフを狩るモノたち,
ロミナ,エルフを狩るモノたち,
コリーナ,エルフを狩るモノたち,
レナ・オニール,エルフを狩るモノたち,
レジーナ,エルフを狩るモノたち,
ビザール,エルフを狩るモノたち,
伝説の魔術師（でんせつのまじゅつし）,エルフを狩るモノたち,
コモンエルフ,エルフを狩るモノたち,
ハーフエルフ,エルフを狩るモノたち,
ダークエルフ,エルフを狩るモノたち,
マンドラゴラエルフ,エルフを狩るモノたち,
人魚エルフ,エルフを狩るモノたち,
雪エルフ,エルフを狩るモノたち,
ハイランドエルフ,エルフを狩るモノたち,
龍造寺 淳平（りゅうぞうじ じゅんぺい）,エルフを狩るモノたちII,3
小宮山 愛理（こみやま あいり）,エルフを狩るモノたちII,
井上 律子（いのうえ りつこ）,エルフを狩るモノたちII,
セルシア・マリクレール,エルフを狩るモノたちII,
新谷 麻衣（しんたに まい）,エルフを狩るモノたちII,
ミケ,エルフを狩るモノたちII,
ピチちゃん,エルフを狩るモノたちII,
アネット,エルフを狩るモノたちII,
エイナル,エルフを狩るモノたちII,
ビイナル,エルフを狩るモノたちII,
エミリィ,エルフを狩るモノたちII,
ガーベラ,エルフを狩るモノたちII,
エルウィン,エルフを狩るモノたちII,
ミリア,エルフを狩るモノたちII,
ミリアの祖父,エルフを狩るモノたちII,
レベッカ,エルフを狩るモノたちII,
ルファード,エルフを狩るモノたちII,
ディアル,エルフを狩るモノたちII,
ガリー,エルフを狩るモノたちII,
オーコ・マキ,エルフを狩るモノたちII,
ランドル・バーラント,エルフを狩るモノたちII,
エナ（エマ）・バーラント,エルフを狩るモノたちII,
マックス,エルフを狩るモノたちII,
泉の女神さま（いずみのめがみさま）,エルフを狩るモノたちII,
ドーン・バクストン,エルフを狩るモノたちII,
バーツ,エルフを狩るモノたちII,
キリカ,エルフを狩るモノたちII,
ティーゼン,エルフを狩るモノたちII,
テオ,エルフを狩るモノたちII,
ガウ,エルフを狩るモノたちII,
シエナ,エルフを狩るモノたちII,
クリア・ファーレン,エルフを狩るモノたちII,
ローザ,エルフを狩るモノたちII,
プラナ,エルフを狩るモノたちII,
脱がし屋（ぬがしや）,エルフを狩るモノたちII,
会長,エルフを狩るモノたちII,
ウサギ仮面,エルフを狩るモノたちII,
羊飼いのメリー,エルフを狩るモノたちII,
王様を裸にした男,エルフを狩るモノたちII,
北風とおひさま,エルフを狩るモノたちII,
ナンシー・ナーガ,エルフを狩るモノたちII,
フィーナ,エルフを狩るモノたちII,
ホーク・ダラス,エルフを狩るモノたちII,
ブルーノ,エルフを狩るモノたちII,
キラメス,エルフを狩るモノたちII,
オオカミ,エルフを狩るモノたちII,
狩人（かりゅうど）,エルフを狩るモノたちII,
オルガ,エルフを狩るモノたちII,
ジュディ,エルフを狩るモノたちII,
フレア,エルフを狩るモノたちII,
フレアの父,エルフを狩るモノたちII,
ギーラ,エルフを狩るモノたちII,
汚れ落としの女神様（よごれおとしのめがみさま）,エルフを狩るモノたちII,
ゴリラ,エルフを狩るモノたちII,
ミューラー・ノイマン,エルフを狩るモノたちII,
道標の精霊（みちしるべのせいれい）,エルフを狩るモノたちII,
ティアラ・ベイク,エルフを狩るモノたちII,
リリー,エルフを狩るモノたちII,
山田 一郎（やまだ いちろう）,エルフを狩るモノたちII,
マリナ・ラッセル,エルフを狩るモノたちII,
ネイロス,エルフを狩るモノたちII,
バーネル,エルフを狩るモノたちII,
ケイト,エルフを狩るモノたちII,
アン・デルッセン,エルフを狩るモノたちII,
デイジー,エルフを狩るモノたちII,
ベルトーレ,エルフを狩るモノたちII,
カギタマーヤ,エルフを狩るモノたちII,
ウインディー,エルフを狩るモノたちII,
ミライ,エルフを狩るモノたちII,
ビルギッタ,エルフを狩るモノたちII,
ゲイル,エルフを狩るモノたちII,
エクシー・メサ,エルフを狩るモノたちII,
パワードナイト,エルフを狩るモノたちII,
ゾルバン,エルフを狩るモノたちII,
エルフルズ,エルフを狩るモノたちII,
ムーア,エルフを狩るモノたちII,
アレックス / エレナ / ショーン,エルフを狩るモノたちII,
オレノコ,エルフを狩るモノたちII,
長尾（ながお）,エルフを狩るモノたちII,
メルティ / ジーナ,エルフを狩るモノたちII,
アンジェ,エルフを狩るモノたちII,
マグナ,エルフを狩るモノたちII,
キング,エルフを狩るモノたちII,
ルルカ,エルフを狩るモノたちII,
ロッタ,エルフを狩るモノたちII,
ロッタの兄,エルフを狩るモノたちII,
リイド,エルフを狩るモノたちII,
ティルティル、ミティル,エルフを狩るモノたちII,
鉄壁都市の市長,エルフを狩るモノたちII,
リステル,エルフを狩るモノたちII,
イアン,エルフを狩るモノたちII,
イアンの妹,エルフを狩るモノたちII,
ソルティー,エルフを狩るモノたちII,
ドロテーア,エルフを狩るモノたちII,
ベル,エルフを狩るモノたちII,
キュクロプス,エルフを狩るモノたちII,
知らない男(仮),エルフを狩るモノたちII,
タリストン,エルフを狩るモノたちII,
ナノカ,エルフを狩るモノたちII,
長老,エルフを狩るモノたちII,
マルプル,エルフを狩るモノたちII,
リヴァイアサン,エルフを狩るモノたちII,
ゴッド・シスター,エルフを狩るモノたちII,
ジャミラ,エルフを狩るモノたちII,
サム,エルフを狩るモノたちII,
ネロ、ビアンキ,エルフを狩るモノたちII,
リリア,エルフを狩るモノたちII,
ボナ,エルフを狩るモノたちII,
シャーリー・ウォルター,エルフを狩るモノたちII,
メリンダ,エルフを狩るモノたちII,
アッシュ,エルフを狩るモノたちII,
ジャッジ,エルフを狩るモノたちII,
裁判長,エルフを狩るモノたちII,
ギルド,エルフを狩るモノたちII,
アンディ,エルフを狩るモノたちII,
ブランコ,エルフを狩るモノたちII,
レイピア,エルフを狩るモノたちII,
エミー,エルフを狩るモノたちII,
ロミナ,エルフを狩るモノたちII,
コリーナ,エルフを狩るモノたちII,
レナ・オニール,エルフを狩るモノたちII,
レジーナ,エルフを狩るモノたちII,
ビザール,エルフを狩るモノたちII,
伝説の魔術師（でんせつのまじゅつし）,エルフを狩るモノたちII,
コモンエルフ,エルフを狩るモノたちII,
ハーフエルフ,エルフを狩るモノたちII,
ダークエルフ,エルフを狩るモノたちII,
マンドラゴラエルフ,エルフを狩るモノたちII,
人魚エルフ,エルフを狩るモノたちII,
雪エルフ,エルフを狩るモノたちII,
ハイランドエルフ,エルフを狩るモノたちII,
ビレ,エルフを狩るモノたちII,
カーマガン地方,エルフを狩るモノたちII,
大会都市（たいかいとし）,エルフを狩るモノたちII,
海釣り公園（うみづりこうえん）,エルフを狩るモノたちII,
マーサ天文台,エルフを狩るモノたちII,
シャボン,エルフを狩るモノたちII,
エルフの国,エルフを狩るモノたちII,
テーブルロック,エルフを狩るモノたちII,
神保町,エルフを狩るモノたちII,
東京タワー,エルフを狩るモノたちII,
ウォーターバブル王国,エルフを狩るモノたちII,
鉄壁都市,エルフを狩るモノたちII,
港町マグブール,エルフを狩るモノたちII,
ソリン諸島,エルフを狩るモノたちII,
呪文のかけら（じゅもんのかけら）,エルフを狩るモノたちII,
変身指輪（へんしんゆびわ）,エルフを狩るモノたちII,
カレーライス,エルフを狩るモノたちII,
ガリーライス,エルフを狩るモノたちII,
ポークカレー,エルフを狩るモノたちII,
ウコンライス,エルフを狩るモノたちII,
ピチカート,エルフを狩るモノたちII,
柔らか巻紙（やわらかまきがみ）,エルフを狩るモノたちII,
モールド,エルフを狩るモノたちII,
モールド・クリニック,エルフを狩るモノたちII,
悲しい時に飲むスープ,エルフを狩るモノたちII,
正夢枕（まさゆめまくら）,エルフを狩るモノたちII,
クイダ・オーレ,エルフを狩るモノたちII,
九ノ瀬 宙太（ここのせ ちゅうた）,エルドライブ,3
ドルー,エルドライブ,
其方 美鈴（そのかた みすず）,エルドライブ,
レイン・ブリック,エルドライブ,
メェル・リッグス,エルドライブ,
イサク教授,エルドライブ,
メリエス,エルドライブ,
シェロニモ,エルドライブ,
マディガン,エルドライブ,
チップス,エルドライブ,
ハリー,エルドライブ,
トント・アート・トント,エルドライブ,
タロ,エルドライブ,
マクレーン,エルドライブ,
ヴェガ,エルドライブ,
ベロニカ・ボロズウィック,エルドライブ,
ニーナ・ミハイロヴナ・パーヴロヴァ,エルドライブ,
Dr.ラヴ（ドクター・ラヴ）,エルドライブ,
キエシ,エルドライブ,
ベラルゴ,エルドライブ,
ボス（本名不明）,エルドライブ,
溝口 健（みぞぐち けん）/ グッチー,エルドライブ,
少女（本名不明）,エルドライブ,
ジム,エルドライブ,
セン/スン,エルドライブ,
キング・ケーン,エルドライブ,
無敵生命体,エルドライブ,
マッケイ,エルドライブ,
アルバ,エルドライブ,
チェリル,エルドライブ,
ダーシム,エルドライブ,
リィリ,エルドライブ,
トランボ,エルドライブ,
シャキオン,エルドライブ,
キングの兄（本名不明）,エルドライブ,
ボーチャー,エルドライブ,
早乙女（さおとめ）,エルドライブ,
ドラグライン,エルドライブ,
ダリィ・ライム,エルドライブ,
アーウィン・アレッジ,エルドライブ,
九ノ瀬 ミミ（ここのせ みみ）,エルドライブ,
ミチヨ、松太郎（まつたろう）,エルドライブ,
グッチーの母,エルドライブ,
タテヤン（本名不明）,エルドライブ,
早川 雪宗（はやかわ ゆきむね）,エルドライブ,
共生体（モニタリアン）,エルドライブ,
スペース・フェロモン（SPH、Space Pheromone）,エルドライブ,
エルドライブ,エルドライブ,
ジャンルノR（アール）,エルドライブ,
レン・カラス (Ren Karas),エレメントハンター,3
キアラ・フィリーナ (Chiara Ferina),エレメントハンター,
ホミ・ナンディ (Homi Nandie),エレメントハンター,
エイミー・カー (Aimee Carr),エレメントハンター,
ユノ (Juno),エレメントハンター,
アリー・コナリー (Ally Connolly),エレメントハンター,
ロドニー・フォード (Rodney Ford),エレメントハンター,
トム・ベンソン (Tom Benson),エレメントハンター,
ハンナ・ウェーバー (Hannah Weber),エレメントハンター,
デビッド・コフ (David Koch),エレメントハンター,
ゼロ (Zero),エレメントハンター,
川嶋 主税,エレメントハンター,
マジモト,エレメントハンター,
チェインディニー,エレメントハンター,
ダン・カラス (Dan Karas),エレメントハンター,
アン・カラス (Ann Karas),エレメントハンター,
ジュン・カラス (Jun Karas),エレメントハンター,
ナターシャ（ナターリア・アレクサンドローヴナ・メンデレーエヴァ）,エレメントハンター,
ロベルト・フィリーナ (Robert Ferina),エレメントハンター,
奈緒美（なおみ）・フィリーナ (Naomi Ferina),エレメントハンター,
ナンディ・スレンドラ (Nandie Surendra),エレメントハンター,
ラクシュミー・アリ (Lakshmi Ali),エレメントハンター,
ヴィンセント・フォード (Vincent Ford),エレメントハンター,
サブリナ・フォード (Sabrina Ford),エレメントハンター,
ドングウ,エレメントハンター,
ヤシャグモ,エレメントハンター,
カオリエリマキ,エレメントハンター,
コオリガサネ,エレメントハンター,
ショウコウドリ,エレメントハンター,
リボセッキ,エレメントハンター,
キコウチュウ,エレメントハンター,
ダイオウビル,エレメントハンター,
カッセンアリ,エレメントハンター,
センボンウニ,エレメントハンター,
オウジュ,エレメントハンター,
ラセンダコ,エレメントハンター,
カサネセッタ,エレメントハンター,
セキショウビ,エレメントハンター,
オンソク,エレメントハンター,
ドロアシ,エレメントハンター,
ネゴロノブスマ,エレメントハンター,
ミズガミ,エレメントハンター,
サバクケンザン,エレメントハンター,
コバルトソニドリ,エレメントハンター,
モウシン,エレメントハンター,
ヒョウザンオウ,エレメントハンター,
ヒョウガオウ,エレメントハンター,
カイオウ,エレメントハンター,
ダンガンチュウ,エレメントハンター,
ハヤテマグナ,エレメントハンター,
ジゲンノリュウ,エレメントハンター,
和泉 正宗（いずみ まさむね）,エロマンガ先生,3
和泉 マサムネ（いずみ マサムネ）,エロマンガ先生,
和泉 紗霧（いずみ さぎり）,エロマンガ先生,
エロマンガ先生（エロマンガせんせい）,エロマンガ先生,
山田 エルフ（やまだ エルフ）,エロマンガ先生,
千寿 ムラマサ（せんじゅ ムラマサ）,エロマンガ先生,
獅童 国光（しどう くにみつ）,エロマンガ先生,
草薙 リュウキ（くさなぎ リュウキ）,エロマンガ先生,
アメリア・アルメリア,エロマンガ先生,
エロマンガ先生G（エロマンガせんせいグレート）,エロマンガ先生,
神野 めぐみ（じんの めぐみ）,エロマンガ先生,
高砂 智恵（たかさご ともえ）,エロマンガ先生,
神楽坂 あやめ（かぐらざか あやめ）,エロマンガ先生,
山田 クリス（やまだ クリス）,エロマンガ先生,
和泉 虎徹（いずみ こてつ）,エロマンガ先生,
初代・エロマンガ先生（しょだい・エロマンガせんせい）,エロマンガ先生,
和泉 京香（いずみ きょうか）,エロマンガ先生,
近藤 志保（こんどう しほ）,エロマンガ先生,
梅園 麟太郎（うめぞの りんたろう）,エロマンガ先生,
エルフの母,エロマンガ先生,
赤坂 透子（あかさか とうこ）,エロマンガ先生,
雨宮 静枝（あまみや しずえ）,エロマンガ先生,
葵 真希奈（あおい まきな）,エロマンガ先生,
夏目 綾（なつめ あや）,エロマンガ先生,
白鳥 揚羽（しらとり あげは）,エロマンガ先生,
宇佐美 鈴音（うさみ すずね）,エロマンガ先生,
月見里 がんま（やまなし がんま）,エロマンガ先生,
きりりん,エロマンガ先生,
各巻のサブタイトル,エロマンガ先生,
登場人物,エロマンガ先生,
スケベニンゲンちゃん,エロマンガ先生,
  森羅 日下部（シンラ・クサカベ）,炎炎ノ消防隊,3
  アーサー・ボイル,炎炎ノ消防隊,
  秋樽 桜備（アキタル・オウビ）,炎炎ノ消防隊,
  武久 火縄（タケヒサ・ヒナワ）,炎炎ノ消防隊,
  茉希 尾瀬（マキ・オゼ）,炎炎ノ消防隊,
  アイリス,炎炎ノ消防隊,
  ヴィクトル・リヒト,炎炎ノ消防隊,
  ヴァルカン・ジョゼフ,炎炎ノ消防隊,
リサ / フィーラー,炎炎ノ消防隊,
  レオナルド・バーンズ,炎炎ノ消防隊,
  カリム・フラム,炎炎ノ消防隊,
  フォイェン・リィ,炎炎ノ消防隊,
オニャンゴ,炎炎ノ消防隊,
  環 古達（タマキ・コタツ）,炎炎ノ消防隊,
  グスタフ 本田（グスタフ・ホンダ）,炎炎ノ消防隊,
  武 能登（タケル・ノト）,炎炎ノ消防隊,
綾部（アヤベ）,炎炎ノ消防隊,
蛇尾（ヘビオ）,炎炎ノ消防隊,
ヘッケラー,炎炎ノ消防隊,
猿吾（エンゴ）,炎炎ノ消防隊,
影梨（カゲナシ）,炎炎ノ消防隊,
大華（オオハナ）,炎炎ノ消防隊,
弾木（ハジキ）,炎炎ノ消防隊,
  蒼一郎 アーグ（ソウイチロウ・アーグ）,炎炎ノ消防隊,
パート・コ・パーン,炎炎ノ消防隊,
オグン・モンゴメリ,炎炎ノ消防隊,
  プリンセス 火華（プリンセス・ヒバナ）,炎炎ノ消防隊,
  トオル 岸理（トオル・キシリ）,炎炎ノ消防隊,
  火代子 黄（カヨコ・ホァン）,炎炎ノ消防隊,
アサコ・アーグ,炎炎ノ消防隊,
  新門 紅丸（シンモン・ベニマル）,炎炎ノ消防隊,
  相模屋 紺炉（サガミヤ・コンロ）,炎炎ノ消防隊,
  ヒナタ＆ヒカゲ,炎炎ノ消防隊,
  象 日下部（ショウ・クサカベ）,炎炎ノ消防隊,
  烈火 星宮（レッカ・ホシミヤ）,炎炎ノ消防隊,
  アロー,炎炎ノ消防隊,
  ヨナ,炎炎ノ消防隊,
フレイル,炎炎ノ消防隊,
ハウメア,炎炎ノ消防隊,
カロン,炎炎ノ消防隊,
  Dr.ジョヴァンニ,炎炎ノ消防隊,
ハラン,炎炎ノ消防隊,
因果 春日谷（インカ・カスガタニ）,炎炎ノ消防隊,
ミラージュ,炎炎ノ消防隊,
アサルト,炎炎ノ消防隊,
リツ,炎炎ノ消防隊,
オロチ,炎炎ノ消防隊,
アイアン,炎炎ノ消防隊,
サソリ,炎炎ノ消防隊,
ラフルス一世（仮称）,炎炎ノ消防隊,
一柱目（ひとはしらめ）,炎炎ノ消防隊,
 ラフルス三世,炎炎ノ消防隊,
ラフルス一世,炎炎ノ消防隊,
グレオ 灰島（グレオ・ハイジマ）,炎炎ノ消防隊,
優一郎 黒野（ユウイチロウ・クロノ）,炎炎ノ消防隊,
ナタク 孫（ナタク・ソン）,炎炎ノ消防隊,
人形使い,炎炎ノ消防隊,
暖郎 尾瀬（ダンロウ・オゼ）,炎炎ノ消防隊,
まどか 尾瀬（マドカ・オゼ）,炎炎ノ消防隊,
滝義 尾瀬（タキギ・オゼ）,炎炎ノ消防隊,
  ジョーカー,炎炎ノ消防隊,
  節男 宮本（せつお みやもと）,炎炎ノ消防隊,
ユウ,炎炎ノ消防隊,
  皇国（こうこく）/東京皇国（とうきょうこうこく）,炎炎ノ消防隊,
浅草（あさくさ）,炎炎ノ消防隊,
中華半島（ちゅうかはんとう）,炎炎ノ消防隊,
地下（ネザー）,炎炎ノ消防隊,
大災害/炎の大災害,炎炎ノ消防隊,
特殊消防隊（とくしゅしょうぼうたい）,炎炎ノ消防隊,
青線（あおせん）,炎炎ノ消防隊,
焔ビト（ほむらびと） / 第一世代能力者（だいいちせだいのうりょくしゃ）,炎炎ノ消防隊,
第二世代能力者（だいにせだいのうりょくしゃ）,炎炎ノ消防隊,
第三世代能力者（だいさんせだいのうりょくしゃ）,炎炎ノ消防隊,
マッチボックス,炎炎ノ消防隊,
白装束（しろしょうぞく）,炎炎ノ消防隊,
蟲（むし）,炎炎ノ消防隊,
アドラバースト,炎炎ノ消防隊,
アドラリンク,炎炎ノ消防隊,
オーバーヒート/発火限界,炎炎ノ消防隊,
久遠式火力発電｢天照｣（くおんしきかりょくはつでん アマテラス）,炎炎ノ消防隊,
聖陽教（せいようきょう）,炎炎ノ消防隊,
暗部（あんぶ）,炎炎ノ消防隊,
原国主義（げんこくしゅぎ）,炎炎ノ消防隊,
灰島重工（はいじまじゅうこう）,炎炎ノ消防隊,
香瑩（シャンイン）,エンジェル・ハート,3
冴羽獠（さえば りょう）,エンジェル・ハート,
槇村香（まきむら かおり）,エンジェル・ハート,
劉信宏（リュウ シンホン）,エンジェル・ハート,
ファルコン,エンジェル・ハート,
野上冴子（のがみ さえこ）,エンジェル・ハート,
槇村秀幸（まきむら ひでゆき）,エンジェル・ハート,
陳（チン）,エンジェル・ハート,
李堅強（リ・ジィエンチャン）,エンジェル・ハート,
李謙徳（リ・チィエンダァ）,エンジェル・ハート,
楊芳玉（ヤン ファンユイ）,エンジェル・ハート,
智（とも）,エンジェル・ハート,
餅山（もちやま）,エンジェル・ハート,
カメレオン,エンジェル・ハート,
笠井弥生（かさい やよい）,エンジェル・ハート,
笠井葉月（かさい はづき）,エンジェル・ハート,
吉行淳（よしゆき じゅん）,エンジェル・ハート,
雅玲（ヤーリン）,エンジェル・ハート,
クワン・マオ,エンジェル・ハート,
ファルコン / 海坊主,エンジェル・ハート,
ホーリー,エンジェル・ハート,
モッチー,エンジェル・ハート,
ロッコ,エンジェル・ハート,
ミキ,エンジェル・ハート,
野上冴子,エンジェル・ハート,
小宮山忍,エンジェル・ハート,
ドク,エンジェル・ハート,
智,エンジェル・ハート,
カリート,エンジェル・ハート,
李堅強,エンジェル・ハート,
第1話,エンジェル・ハート,
河本麗子,エンジェル・ハート,
鈴木研吾,エンジェル・ハート,
第2話・第6話,エンジェル・ハート,
槇村秀幸,エンジェル・ハート,
第3話,エンジェル・ハート,
サトちゃん,エンジェル・ハート,
トメ,エンジェル・ハート,
第4話,エンジェル・ハート,
高畑稔,エンジェル・ハート,
倉本彩菜,エンジェル・ハート,
倉本沙織,エンジェル・ハート,
倉本荘子,エンジェル・ハート,
第5話,エンジェル・ハート,
白蘭（パイラン）,エンジェル・ハート,
早川俊輔,エンジェル・ハート,
第6話,エンジェル・ハート,
遠山一真,エンジェル・ハート,
第7話,エンジェル・ハート,
茅野夢,エンジェル・ハート,
高波遥,エンジェル・ハート,
茅野英介,エンジェル・ハート,
風間雅臣,エンジェル・ハート,
正道会（チェンダオフェイ）,エンジェル・ハート,
正道会の隠密部隊,エンジェル・ハート,
玄武,エンジェル・ハート,
青龍,エンジェル・ハート,
白虎,エンジェル・ハート,
朱雀,エンジェル・ハート,
浅永 瞬（あさなが しゅん）,エンドライド,3
エミリオ=ラングハイム,エンドライド,
アリシア,エンドライド,
ファラリオン,エンドライド,
デメトリオ,エンドライド,
エルジュイア,エンドライド,
ルイーズ,エンドライド,
フェリクス,エンドライド,
ミーシャ,エンドライド,
ラルフ,エンドライド,
グラディド,エンドライド,
ギドロ,エンドライド,
デルザイン,エンドライド,
アルゼルム・ラングハイム,エンドライド,
パスカル,エンドライド,
ロドニー,エンドライド,
カスティナ,エンドライド,
ジョセフ,エンドライド,
ルーシオ,エンドライド,
イベルダ,エンドライド,
ヴェスタルス、ベオベトル,エンドライド,
クロム,エンドライド,
フラマ,エンドライド,
エミリオの乳母,エンドライド,
アリシアの父,エンドライド,
アーロン,エンドライド,
浅永 和信（あさなが かずのぶ）,エンドライド,
浅永 真紀子（あさなが まきこ）,エンドライド,
エンドラ,エンドライド,
化宝具,エンドライド,
生体化宝具,エンドライド,
アダマース,エンドライド,
バベル,エンドライド,
ウォープ粒子,エンドライド,
エンドラ人,エンドライド,
ズー族,エンドライド,
アサシン,エンドライド,
バビロン,エンドライド,
エンドラブルーバード,エンドライド,
アミティウス,エンドライド,
パリンブル,エンドライド,
ティルナノーグ,エンドライド,
カナタ,エンドライド,
ハルカ,エンドライド,
ダニエル,エンドライド,
シャスハ,エンドライド,
アッシュ,エンドライド,
チトセ,エンドライド,
ウィスタリア,エンドライド,
エルブ,エンドライド,
マジョリカ,エンドライド,
ビスケット,エンドライド,
フレイア,エンドライド,
パニーシャ,エンドライド,
デニータ,エンドライド,
アントム,エンドライド,
ガウディ,エンドライド,
ユーシャ / ユーリア・シャルデット,えんどろ?!,3
セイラ / エレノワール・セイラン,えんどろ?!,
ファイ / ファイ・ファイ,えんどろ?!,
メイ / メイザ・エンダスト,えんどろ?!,
ローナ姫 / ローナ・プリシパ・オ・ラパネスタ,えんどろ?!,
マオ / 魔王,えんどろ?!,
ちびドラゴン,えんどろ?!,
メイゴ,えんどろ?!,
白月初（ハク・ゲッショウ）,縁結びの妖狐ちゃん,3
東方月初（トウホウ・ゲッショウ）,縁結びの妖狐ちゃん,
塗山蘇蘇（トサン・スス）,縁結びの妖狐ちゃん,
塗山紅紅（トサン・ココ）,縁結びの妖狐ちゃん,
塗山雅雅（トサン・ヤヤ）,縁結びの妖狐ちゃん,
塗山容容（トサン・ロロ）,縁結びの妖狐ちゃん,
王富貴（オウ・フウキ）,縁結びの妖狐ちゃん,
王権富貴（オウケン・フウキ）,縁結びの妖狐ちゃん,
厲雪揚（レキ・セツヨウ）,縁結びの妖狐ちゃん,
梵雲飛（ハン・ウンヒ）,縁結びの妖狐ちゃん,
清瞳（セイトウ）,縁結びの妖狐ちゃん,
南国の姫 / 歓都落蘭,縁結びの妖狐ちゃん,
金面火神（きんめんかしん）,縁結びの妖狐ちゃん,
北山妖帝（ほくさんようてい） / 石寛（せき かん）,縁結びの妖狐ちゃん,
黑狐左使 / 塗山美美（トサン・ミミ）,縁結びの妖狐ちゃん,
刀傷の導士,縁結びの妖狐ちゃん,
御妖国の姫,縁結びの妖狐ちゃん,
六耳行者（ろくみみぎょうじゃ）,縁結びの妖狐ちゃん,